<?xml version="1.0" encoding="UTF-8"?>
<beans xmlns="http://www.springframework.org/schema/beans" xmlns:xsi="http://www.w3.org/2001/XMLSchema-instance"
       xmlns:p="http://www.springframework.org/schema/p" xmlns:context="http://www.springframework.org/schema/context"
       xmlns:oxm="http://www.springframework.org/schema/oxm" xmlns:aop="http://www.springframework.org/schema/aop"
       xsi:schemaLocation="http://www.springframework.org/schema/beans 
       http://www.springframework.org/schema/beans/spring-beans.xsd
       http://www.springframework.org/schema/context 
       http://www.springframework.org/schema/context/spring-context.xsd
       http://www.springframework.org/schema/oxm 
       http://www.springframework.org/schema/oxm/spring-oxm.xsd
       http://www.springframework.org/schema/aop 
       http://www.springframework.org/schema/aop/spring-aop.xsd">

    <bean id="propertyConfigure" class="org.springframework.beans.factory.config.PropertyPlaceholderConfigurer">
        <property name="location" value="classpath:application.properties"/>
    </bean>

    <!-- ========================= DB RESOURCE DEFINITIONS ========================= -->
<!--
    <bean id="dataSource" class="org.apache.commons.dbcp.BasicDataSource" destroy-method="close">
        <property name="driverClassName" value="${jdbc.driverClassName}"/>
        <property name="url" value="${matrix.database.connection.databaseurl}"/>
        <property name="username" value="${matrix.database.connection.username}"/>
        <property name="password" value="${matrix.database.connection.password}"/>
    </bean>

     Transaction manager for a single JDBC DataSource 
    <bean id="transactionManager" class="org.springframework.jdbc.datasource.DataSourceTransactionManager">
        <property name="dataSource" ref="dataSource"/>
    </bean>

     mapper(SqlMap) sqlSessionFactory setup for MyBatis Database Layer 
    <bean id="sqlSessionFactory" class="org.mybatis.spring.SqlSessionFactoryBean">
        <property name="dataSource" ref="dataSource" />
        <property name="configLocation" value="/sql-map/sql-map-config.xml"/>
    </bean>
    
     SqlSessionTemplate which provides ThreadSafe SqlSession object 
    <bean id="sqlSessionTemplate" class="org.mybatis.spring.SqlSessionTemplate">
        <constructor-arg index="0" ref="sqlSessionFactory" />
    </bean>-->

    <bean id="matchDAO" class="com.secant.match.dao.impl.MatchDAOImpl" >
    
    </bean>
    
    <bean id="getMatcher" class="com.secant.match.service.Matcher">
        <property name="matchDAO" ref="matchDAO"/>
    </bean>
    
</beans>